"0","glimpse(full_coordinates)"
"1","Rows: 6,676"
"1",""
"1","
"
"1","Columns: 10"
"1",""
"1","
"
"1","$ INSTNM    [3m[38;5;246m<chr>[39m[23m ""A Better U Beauty Barber Academy"", ""A T S…
$ CITY      [3m[38;5;246m<chr>[39m[23m ""Albuquerque"", ""Kirksville"", ""Cerritos"", ""…
$ STATE     [3m[38;5;246m<chr>[39m[23m ""New Mexico"", ""Missouri"", ""California"", ""C…
$ STABBR    [3m[38;5;246m<chr>[39m[23m ""NM"", ""MO"", ""CA"", ""CA"", ""TX"", ""CA"", ""FL"", …
$ ZIP       [3m[38;5;246m<chr>[39m[23m ""87110"", ""63501"", ""90703-2801"", ""90703-774…
$ LATITUDE  [3m[38;5;246m<dbl>[39m[23m 35.11063, 40.19365, 33.87818, NaN, 32.9317…
$ LONGITUDE [3m[38;5;246m<dbl>[39m[23m -106.58376, -92.58918, -118.07011, NaN, -9…
$ UNITID    [3m[38;5;246m<dbl>[39m[23m 493868, 177834, 491464, 49146401, 459523, …
$ OPEID     [3m[38;5;246m<dbl>[39m[23m 4283300, 247700, 4227000, 4227001, 4168800…
$ INSTURL   [3m[38;5;246m<chr>[39m[23m ""https://abuacademy.com/"", ""www.atsu.edu/""…"
"1",""
"1","
"
"0","glimpse(full_filed_of_study)"
"1","Rows: 224,817"
"1",""
"1","
"
"1","Columns: 121"
"1",""
"1","
"
"1","$ UNITID                        [3m[38;5;246m<dbl>[39m[23m 100654, 100654, 100654…
$ OPEID6                        [3m[38;5;246m<int>[39m[23m 1002, 1002, 1002, 1002…
$ INSTNM                        [3m[38;5;246m<chr>[39m[23m ""Alabama A & M Univers…
$ CONTROL                       [3m[38;5;246m<chr>[39m[23m ""Public"", ""Public"", ""P…
$ MAIN                          [3m[38;5;246m<int>[39m[23m 1, 1, 1, 1, 1, 1, 1, 1…
$ CIPCODE                       [3m[38;5;246m<int>[39m[23m 100, 109, 110, 110, 11…
$ CIPDESC                       [3m[38;5;246m<chr>[39m[23m ""Agriculture, General.…
$ CREDLEV                       [3m[38;5;246m<int>[39m[23m 3, 3, 3, 5, 6, 3, 3, 5…
$ CREDDESC                      [3m[38;5;246m<chr>[39m[23m ""Bachelor’s Degree"", ""…
$ IPEDSCOUNT1                   [3m[38;5;246m<dbl>[39m[23m NA, 5, 9, 5, 1, NA, 6,…
$ IPEDSCOUNT2                   [3m[38;5;246m<dbl>[39m[23m NA, 6, 7, 8, 2, NA, 2,…
$ DEBT_ALL_STGP_ANY_N           [3m[38;5;246m<chr>[39m[23m ""PrivacySuppressed"", ""…
$ DEBT_ALL_STGP_ANY_MEAN        [3m[38;5;246m<chr>[39m[23m ""PrivacySuppressed"", ""…
$ DEBT_ALL_STGP_ANY_MDN         [3m[38;5;246m<chr>[39m[23m ""PrivacySuppressed"", ""…
$ DEBT_ALL_STGP_EVAL_N          [3m[38;5;246m<chr>[39m[23m ""PrivacySuppressed"", ""…
$ DEBT_ALL_STGP_EVAL_MEAN       [3m[38;5;246m<chr>[39m[23m ""PrivacySuppressed"", ""…
$ DEBT_ALL_STGP_EVAL_MDN        [3m[38;5;246m<chr>[39m[23m ""PrivacySuppressed"", ""…
$ DEBT_ALL_PP_ANY_N             [3m[38;5;246m<chr>[39m[23m ""PrivacySuppressed"", ""…
$ DEBT_ALL_PP_ANY_MEAN          [3m[38;5;246m<chr>[39m[23m ""PrivacySuppressed"", ""…
$ DEBT_ALL_PP_ANY_MDN           [3m[38;5;246m<chr>[39m[23m ""PrivacySuppressed"", ""…
$ DEBT_ALL_PP_EVAL_N            [3m[38;5;246m<chr>[39m[23m ""PrivacySuppressed"", ""…
$ DEBT_ALL_PP_EVAL_MEAN         [3m[38;5;246m<chr>[39m[23m ""PrivacySuppressed"", ""…
$ DEBT_ALL_PP_EVAL_MDN          [3m[38;5;246m<chr>[39m[23m ""PrivacySuppressed"", ""…
$ DEBT_MALE_STGP_ANY_N          [3m[38;5;246m<chr>[39m[23m ""PrivacySuppressed"", ""…
$ DEBT_MALE_STGP_ANY_MEAN       [3m[38;5;246m<chr>[39m[23m ""PrivacySuppressed"", ""…
$ DEBT_MALE_STGP_ANY_MDN        [3m[38;5;246m<chr>[39m[23m ""PrivacySuppressed"", ""…
$ DEBT_MALE_STGP_EVAL_N         [3m[38;5;246m<chr>[39m[23m ""PrivacySuppressed"", ""…
$ DEBT_MALE_STGP_EVAL_MEAN      [3m[38;5;246m<chr>[39m[23m ""PrivacySuppressed"", ""…
$ DEBT_MALE_STGP_EVAL_MDN       [3m[38;5;246m<chr>[39m[23m ""PrivacySuppressed"", ""…
$ DEBT_MALE_PP_ANY_N            [3m[38;5;246m<chr>[39m[23m ""PrivacySuppressed"", ""…
$ DEBT_MALE_PP_ANY_MEAN         [3m[38;5;246m<chr>[39m[23m ""PrivacySuppressed"", ""…
$ DEBT_MALE_PP_ANY_MDN          [3m[38;5;246m<chr>[39m[23m ""PrivacySuppressed"", ""…
$ DEBT_MALE_PP_EVAL_N           [3m[38;5;246m<chr>[39m[23m ""PrivacySuppressed"", ""…
$ DEBT_MALE_PP_EVAL_MEAN        [3m[38;5;246m<chr>[39m[23m ""PrivacySuppressed"", ""…
$ DEBT_MALE_PP_EVAL_MDN         [3m[38;5;246m<chr>[39m[23m ""PrivacySuppressed"", ""…
$ DEBT_NOTMALE_STGP_ANY_N       [3m[38;5;246m<chr>[39m[23m ""PrivacySuppressed"", ""…
$ DEBT_NOTMALE_STGP_ANY_MEAN    [3m[38;5;246m<chr>[39m[23m ""PrivacySuppressed"", ""…
$ DEBT_NOTMALE_STGP_ANY_MDN     [3m[38;5;246m<chr>[39m[23m ""PrivacySuppressed"", ""…
$ DEBT_NOTMALE_STGP_EVAL_N      [3m[38;5;246m<chr>[39m[23m ""PrivacySuppressed"", ""…
$ DEBT_NOTMALE_STGP_EVAL_MEAN   [3m[38;5;246m<chr>[39m[23m ""PrivacySuppressed"", ""…
$ DEBT_NOTMALE_STGP_EVAL_MDN    [3m[38;5;246m<chr>[39m[23m ""PrivacySuppressed"", ""…
$ DEBT_NOTMALE_PP_ANY_N         [3m[38;5;246m<chr>[39m[23m ""PrivacySuppressed"", ""…
$ DEBT_NOTMALE_PP_ANY_MEAN      [3m[38;5;246m<chr>[39m[23m ""PrivacySuppressed"", ""…
$ DEBT_NOTMALE_PP_ANY_MDN       [3m[38;5;246m<chr>[39m[23m ""PrivacySuppressed"", ""…
$ DEBT_NOTMALE_PP_EVAL_N        [3m[38;5;246m<chr>[39m[23m ""PrivacySuppressed"", ""…
$ DEBT_NOTMALE_PP_EVAL_MEAN     [3m[38;5;246m<chr>[39m[23m ""PrivacySuppressed"", ""…
$ DEBT_NOTMALE_PP_EVAL_MDN      [3m[38;5;246m<chr>[39m[23m ""PrivacySuppressed"", ""…
$ DEBT_PELL_STGP_ANY_N          [3m[38;5;246m<chr>[39m[23m ""PrivacySuppressed"", ""…
$ DEBT_PELL_STGP_ANY_MEAN       [3m[38;5;246m<chr>[39m[23m ""PrivacySuppressed"", ""…
$ DEBT_PELL_STGP_ANY_MDN        [3m[38;5;246m<chr>[39m[23m ""PrivacySuppressed"", ""…
$ DEBT_PELL_STGP_EVAL_N         [3m[38;5;246m<chr>[39m[23m ""PrivacySuppressed"", ""…
$ DEBT_PELL_STGP_EVAL_MEAN      [3m[38;5;246m<chr>[39m[23m ""PrivacySuppressed"", ""…
$ DEBT_PELL_STGP_EVAL_MDN       [3m[38;5;246m<chr>[39m[23m ""PrivacySuppressed"", ""…
$ DEBT_PELL_PP_ANY_N            [3m[38;5;246m<chr>[39m[23m ""PrivacySuppressed"", ""…
$ DEBT_PELL_PP_ANY_MEAN         [3m[38;5;246m<chr>[39m[23m ""PrivacySuppressed"", ""…
$ DEBT_PELL_PP_ANY_MDN          [3m[38;5;246m<chr>[39m[23m ""PrivacySuppressed"", ""…
$ DEBT_PELL_PP_EVAL_N           [3m[38;5;246m<chr>[39m[23m ""PrivacySuppressed"", ""…
$ DEBT_PELL_PP_EVAL_MEAN        [3m[38;5;246m<chr>[39m[23m ""PrivacySuppressed"", ""…
$ DEBT_PELL_PP_EVAL_MDN         [3m[38;5;246m<chr>[39m[23m ""PrivacySuppressed"", ""…
$ DEBT_NOPELL_STGP_ANY_N        [3m[38;5;246m<chr>[39m[23m ""PrivacySuppressed"", ""…
$ DEBT_NOPELL_STGP_ANY_MEAN     [3m[38;5;246m<chr>[39m[23m ""PrivacySuppressed"", ""…
$ DEBT_NOPELL_STGP_ANY_MDN      [3m[38;5;246m<chr>[39m[23m ""PrivacySuppressed"", ""…
$ DEBT_NOPELL_STGP_EVAL_N       [3m[38;5;246m<chr>[39m[23m ""PrivacySuppressed"", ""…
$ DEBT_NOPELL_STGP_EVAL_MEAN    [3m[38;5;246m<chr>[39m[23m ""PrivacySuppressed"", ""…
$ DEBT_NOPELL_STGP_EVAL_MDN     [3m[38;5;246m<chr>[39m[23m ""PrivacySuppressed"", ""…
$ DEBT_NOPELL_PP_ANY_N          [3m[38;5;246m<chr>[39m[23m ""PrivacySuppressed"", ""…
$ DEBT_NOPELL_PP_ANY_MEAN       [3m[38;5;246m<chr>[39m[23m ""PrivacySuppressed"", ""…
$ DEBT_NOPELL_PP_ANY_MDN        [3m[38;5;246m<chr>[39m[23m ""PrivacySuppressed"", ""…
$ DEBT_NOPELL_PP_EVAL_N         [3m[38;5;246m<chr>[39m[23m ""PrivacySuppressed"", ""…
$ DEBT_NOPELL_PP_EVAL_MEAN      [3m[38;5;246m<chr>[39m[23m ""PrivacySuppressed"", ""…
$ DEBT_NOPELL_PP_EVAL_MDN       [3m[38;5;246m<chr>[39m[23m ""PrivacySuppressed"", ""…
$ DEBT_ALL_PP_ANY_MDN10YRPAY    [3m[38;5;246m<chr>[39m[23m ""PrivacySuppressed"", ""…
$ DEBT_ALL_PP_EVAL_MDN10YRPAY   [3m[38;5;246m<chr>[39m[23m ""PrivacySuppressed"", ""…
$ DEBT_ALL_STGP_ANY_MDN10YRPAY  [3m[38;5;246m<chr>[39m[23m ""PrivacySuppressed"", ""…
$ DEBT_ALL_STGP_EVAL_MDN10YRPAY [3m[38;5;246m<chr>[39m[23m ""PrivacySuppressed"", ""…
$ EARN_COUNT_NWNE_HI_1YR        [3m[38;5;246m<chr>[39m[23m ""PrivacySuppressed"", ""…
$ EARN_CNTOVER150_HI_1YR        [3m[38;5;246m<chr>[39m[23m ""PrivacySuppressed"", ""…
$ EARN_COUNT_WNE_HI_1YR         [3m[38;5;246m<chr>[39m[23m ""PrivacySuppressed"", ""…
$ EARN_MDN_HI_1YR               [3m[38;5;246m<chr>[39m[23m ""PrivacySuppressed"", ""…
$ EARN_COUNT_NWNE_HI_2YR        [3m[38;5;246m<chr>[39m[23m ""PrivacySuppressed"", ""…
$ EARN_CNTOVER150_HI_2YR        [3m[38;5;246m<chr>[39m[23m ""PrivacySuppressed"", ""…
$ EARN_COUNT_WNE_HI_2YR         [3m[38;5;246m<chr>[39m[23m ""PrivacySuppressed"", ""…
$ EARN_MDN_HI_2YR               [3m[38;5;246m<chr>[39m[23m ""PrivacySuppressed"", ""…
$ BBRR2_FED_COMP_N              [3m[38;5;246m<chr>[39m[23m ""PrivacySuppressed"", ""…
$ BBRR2_FED_COMP_DFLT           [3m[38;5;246m<chr>[39m[23m ""PrivacySuppressed"", ""…
$ BBRR2_FED_COMP_DLNQ           [3m[38;5;246m<chr>[39m[23m ""PrivacySuppressed"", ""…
$ BBRR2_FED_COMP_FBR            [3m[38;5;246m<chr>[39m[23m ""PrivacySuppressed"", ""…
$ BBRR2_FED_COMP_DFR            [3m[38;5;246m<chr>[39m[23m ""PrivacySuppressed"", ""…
$ BBRR2_FED_COMP_NOPROG         [3m[38;5;246m<chr>[39m[23m ""PrivacySuppressed"", ""…
$ BBRR2_FED_COMP_MAKEPROG       [3m[38;5;246m<chr>[39m[23m ""PrivacySuppressed"", ""…
$ BBRR2_FED_COMP_PAIDINFULL     [3m[38;5;246m<chr>[39m[23m ""PrivacySuppressed"", ""…
$ BBRR2_FED_COMP_DISCHARGE      [3m[38;5;246m<chr>[39m[23m ""PrivacySuppressed"", ""…
$ BBRR3_FED_COMP_N              [3m[38;5;246m<chr>[39m[23m ""PrivacySuppressed"", ""…
$ BBRR3_FED_COMP_DFLT           [3m[38;5;246m<chr>[39m[23m ""PrivacySuppressed"", ""…
$ BBRR3_FED_COMP_DLNQ           [3m[38;5;246m<chr>[39m[23m ""PrivacySuppressed"", ""…
$ BBRR3_FED_COMP_FBR            [3m[38;5;246m<chr>[39m[23m ""PrivacySuppressed"", ""…
$ BBRR3_FED_COMP_DFR            [3m[38;5;246m<chr>[39m[23m ""PrivacySuppressed"", ""…
$ BBRR3_FED_COMP_NOPROG         [3m[38;5;246m<chr>[39m[23m ""PrivacySuppressed"", ""…
$ BBRR3_FED_COMP_MAKEPROG       [3m[38;5;246m<chr>[39m[23m ""PrivacySuppressed"", ""…
$ BBRR3_FED_COMP_PAIDINFULL     [3m[38;5;246m<chr>[39m[23m ""PrivacySuppressed"", ""…
$ BBRR3_FED_COMP_DISCHARGE      [3m[38;5;246m<chr>[39m[23m ""PrivacySuppressed"", ""…
$ EARN_COUNT_PELL_WNE_1YR       [3m[38;5;246m<chr>[39m[23m ""PrivacySuppressed"", ""…
$ EARN_PELL_WNE_MDN_1YR         [3m[38;5;246m<chr>[39m[23m ""PrivacySuppressed"", ""…
$ EARN_COUNT_NOPELL_WNE_1YR     [3m[38;5;246m<chr>[39m[23m ""PrivacySuppressed"", ""…
$ EARN_NOPELL_WNE_MDN_1YR       [3m[38;5;246m<chr>[39m[23m ""PrivacySuppressed"", ""…
$ EARN_COUNT_MALE_WNE_1YR       [3m[38;5;246m<chr>[39m[23m ""PrivacySuppressed"", ""…
$ EARN_MALE_WNE_MDN_1YR         [3m[38;5;246m<chr>[39m[23m ""PrivacySuppressed"", ""…
$ EARN_COUNT_NOMALE_WNE_1YR     [3m[38;5;246m<chr>[39m[23m ""PrivacySuppressed"", ""…
$ EARN_NOMALE_WNE_MDN_1YR       [3m[38;5;246m<chr>[39m[23m ""PrivacySuppressed"", ""…
$ EARN_COUNT_NE_3YR             [3m[38;5;246m<chr>[39m[23m ""PrivacySuppressed"", ""…
$ EARN_NE_MDN_3YR               [3m[38;5;246m<chr>[39m[23m ""PrivacySuppressed"", ""…
$ EARN_COUNT_WNE_3YR            [3m[38;5;246m<chr>[39m[23m ""PrivacySuppressed"", ""…
$ EARN_CNTOVER150_3YR           [3m[38;5;246m<chr>[39m[23m ""PrivacySuppressed"", ""…
$ EARN_COUNT_PELL_NE_3YR        [3m[38;5;246m<chr>[39m[23m ""PrivacySuppressed"", ""…
$ EARN_PELL_NE_MDN_3YR          [3m[38;5;246m<chr>[39m[23m ""PrivacySuppressed"", ""…
$ EARN_COUNT_NOPELL_NE_3YR      [3m[38;5;246m<chr>[39m[23m ""PrivacySuppressed"", ""…
$ EARN_NOPELL_NE_MDN_3YR        [3m[38;5;246m<chr>[39m[23m ""PrivacySuppressed"", ""…
$ EARN_COUNT_MALE_NE_3YR        [3m[38;5;246m<chr>[39m[23m ""PrivacySuppressed"", ""…
$ EARN_MALE_NE_MDN_3YR          [3m[38;5;246m<chr>[39m[23m ""PrivacySuppressed"", ""…
$ EARN_COUNT_NOMALE_NE_3YR      [3m[38;5;246m<chr>[39m[23m ""PrivacySuppressed"", ""…
$ EARN_NOMALE_NE_MDN_3YR        [3m[38;5;246m<chr>[39m[23m ""PrivacySuppressed"", ""…"
"1",""
"1","
"
