"0","Austin_earnings <- Austin_earnings %>%"
"0","filter(earn_ne_mdn_3yr != ""PrivacySuppressed"") %>% #filter out ""PrivacySuppressed"" values."
"0","  filter(credlev == 3) %>% # looking at bachelor's degrees"
"0","  arrange(desc(earn_ne_mdn_3yr)) %>% #Sort the data by the median earnings"
"0","  select(-c(which(names(Austin_earnings) %in% c(""stabbr"", ""instnm.y"")))) %>% #drop the columns we don't need"
"0","  rename(instnm = instnm.x) %>%"
"0","  select(unitid, opeid6, instnm, control, city, state, zip, latitude, longitude, cipdesc, credlev, creddesc, earn_ne_mdn_3yr, ipedscount2) %>% #reorder the columns so that the most important columns are first"
"0","  mutate(cipdesc = str_remove_all(cipdesc, ""\\.""))  %>% #Replace the ""."" with nothing"
"0","   filter(ipedscount2!= 0)"
"0",""
"0","write_csv(Austin_earnings, ""../JP-Austin-college-pay/data-raw/Austin_top_earning_major.csv"")"
