"0","fileds_of_interest <- full_filed_of_study |> "
"0","  clean_names() |> "
"0","  select(unitid, opeid6, instnm, control, cipdesc, credlev, creddesc, earn_ne_mdn_3yr, ipedscount2)"
"0",""
"0","glimpse(fileds_of_interest)"
"1","Rows: 224,817"
"1",""
"1","
"
"1","Columns: 9"
"1",""
"1","
"
"1","$ unitid          [3m[38;5;246m<dbl>[39m[23m 100654, 100654, 100654, 100654, 1006…
$ opeid6          [3m[38;5;246m<int>[39m[23m 1002, 1002, 1002, 1002, 1002, 1002, …
$ instnm          [3m[38;5;246m<chr>[39m[23m ""Alabama A & M University"", ""Alabama…
$ control         [3m[38;5;246m<chr>[39m[23m ""Public"", ""Public"", ""Public"", ""Publi…
$ cipdesc         [3m[38;5;246m<chr>[39m[23m ""Agriculture, General."", ""Animal Sci…
$ credlev         [3m[38;5;246m<int>[39m[23m 3, 3, 3, 5, 6, 3, 3, 5, 6, 3, 3, 5, …
$ creddesc        [3m[38;5;246m<chr>[39m[23m ""Bachelor’s Degree"", ""Bachelor’s Deg…
$ earn_ne_mdn_3yr [3m[38;5;246m<chr>[39m[23m ""PrivacySuppressed"", ""PrivacySuppres…
$ ipedscount2     [3m[38;5;246m<dbl>[39m[23m NA, 6, 7, 8, 2, NA, 2, 2, 2, 8, 2, 6…"
"1",""
"1","
"
