unitid,opeid6,instnm,control,city,state,zip,latitude,longitude,cipdesc,credlev,creddesc,earn_ne_mdn_3yr,ipedscount2
228778,3658,The University of Texas at Austin,Public,Austin,Texas,78705,30.282825,-97.738273,Petroleum Engineering,3,Bachelor’s Degree,99721,93
228778,3658,The University of Texas at Austin,Public,Austin,Texas,78705,30.282825,-97.738273,"Computer and Information Sciences, General",3,Bachelor’s Degree,97550,365
228778,3658,The University of Texas at Austin,Public,Austin,Texas,78705,30.282825,-97.738273,"Electrical, Electronics and Communications Engineering",3,Bachelor’s Degree,92064,339
228778,3658,The University of Texas at Austin,Public,Austin,Texas,78705,30.282825,-97.738273,Chemical Engineering,3,Bachelor’s Degree,89285,154
228778,3658,The University of Texas at Austin,Public,Austin,Texas,78705,30.282825,-97.738273,Management Information Systems and Services,3,Bachelor’s Degree,86061,189
228778,3658,The University of Texas at Austin,Public,Austin,Texas,78705,30.282825,-97.738273,Finance and Financial Management Services,3,Bachelor’s Degree,82355,331
228778,3658,The University of Texas at Austin,Public,Austin,Texas,78705,30.282825,-97.738273,Biomedical/Medical Engineering,3,Bachelor’s Degree,81988,103
228778,3658,The University of Texas at Austin,Public,Austin,Texas,78705,30.282825,-97.738273,Mechanical Engineering,3,Bachelor’s Degree,81769,275
228778,3658,The University of Texas at Austin,Public,Austin,Texas,78705,30.282825,-97.738273,Architectural Engineering,3,Bachelor’s Degree,77981,37
228778,3658,The University of Texas at Austin,Public,Austin,Texas,78705,30.282825,-97.738273,"Aerospace, Aeronautical and Astronautical Engineering",3,Bachelor’s Degree,73844,123
228778,3658,The University of Texas at Austin,Public,Austin,Texas,78705,30.282825,-97.738273,Civil Engineering,3,Bachelor’s Degree,70244,160
228778,3658,The University of Texas at Austin,Public,Austin,Texas,78705,30.282825,-97.738273,"Business Administration, Management and Operations",3,Bachelor’s Degree,69150,108
228778,3658,The University of Texas at Austin,Public,Austin,Texas,78705,30.282825,-97.738273,Accounting and Related Services,3,Bachelor’s Degree,68232,240
228778,3658,The University of Texas at Austin,Public,Austin,Texas,78705,30.282825,-97.738273,Economics,3,Bachelor’s Degree,67635,532
228778,3658,The University of Texas at Austin,Public,Austin,Texas,78705,30.282825,-97.738273,"Registered Nursing, Nursing Administration, Nursing Research and Clinical Nursing",3,Bachelor’s Degree,66213,120
227845,3621,Saint Edward's University,"Private, nonprofit",Austin,Texas,78704-6489,30.229618,-97.754998,Finance and Financial Management Services,3,Bachelor’s Degree,66169,42
224004,3557,Concordia University Texas,"Private, nonprofit",Austin,Texas,78726,30.420232,-97.835703,"Registered Nursing, Nursing Administration, Nursing Research and Clinical Nursing",3,Bachelor’s Degree,64999,70
224004,3557,Concordia University Texas,"Private, nonprofit",Austin,Texas,78726,30.420232,-97.835703,"Business/Commerce, General",3,Bachelor’s Degree,63963,17
227845,3621,Saint Edward's University,"Private, nonprofit",Austin,Texas,78704-6489,30.229618,-97.754998,Accounting and Related Services,3,Bachelor’s Degree,63720,35
228778,3658,The University of Texas at Austin,Public,Austin,Texas,78705,30.282825,-97.738273,Mathematics,3,Bachelor’s Degree,62783,294
228778,3658,The University of Texas at Austin,Public,Austin,Texas,78705,30.282825,-97.738273,Marketing,3,Bachelor’s Degree,60100,191
228778,3658,The University of Texas at Austin,Public,Austin,Texas,78705,30.282825,-97.738273,Design and Applied Arts,3,Bachelor’s Degree,59658,36
228778,3658,The University of Texas at Austin,Public,Austin,Texas,78705,30.282825,-97.738273,Architecture,3,Bachelor’s Degree,58062,56
228778,3658,The University of Texas at Austin,Public,Austin,Texas,78705,30.282825,-97.738273,"Public Relations, Advertising, and Applied Communication",3,Bachelor’s Degree,56233,459
227845,3621,Saint Edward's University,"Private, nonprofit",Austin,Texas,78704-6489,30.229618,-97.754998,"Business Administration, Management and Operations",3,Bachelor’s Degree,53820,77
224004,3557,Concordia University Texas,"Private, nonprofit",Austin,Texas,78726,30.420232,-97.835703,Human Resources Management and Services,3,Bachelor’s Degree,53742,13
227845,3621,Saint Edward's University,"Private, nonprofit",Austin,Texas,78704-6489,30.229618,-97.754998,Marketing,3,Bachelor’s Degree,52764,41
228778,3658,The University of Texas at Austin,Public,Austin,Texas,78705,30.282825,-97.738273,"Liberal Arts and Sciences, General Studies and Humanities",3,Bachelor’s Degree,52704,195
228778,3658,The University of Texas at Austin,Public,Austin,Texas,78705,30.282825,-97.738273,Physics,3,Bachelor’s Degree,52202,92
224004,3557,Concordia University Texas,"Private, nonprofit",Austin,Texas,78726,30.420232,-97.835703,"Business Administration, Management and Operations",3,Bachelor’s Degree,51354,72
228778,3658,The University of Texas at Austin,Public,Austin,Texas,78705,30.282825,-97.738273,Chemistry,3,Bachelor’s Degree,49792,116
228778,3658,The University of Texas at Austin,Public,Austin,Texas,78705,30.282825,-97.738273,Political Science and Government,3,Bachelor’s Degree,49790,366
228778,3658,The University of Texas at Austin,Public,Austin,Texas,78705,30.282825,-97.738273,Geological and Earth Sciences/Geosciences,3,Bachelor’s Degree,49595,65
228778,3658,The University of Texas at Austin,Public,Austin,Texas,78705,30.282825,-97.738273,Apparel and Textiles,3,Bachelor’s Degree,49390,48
228778,3658,The University of Texas at Austin,Public,Austin,Texas,78705,30.282825,-97.738273,Geography and Cartography,3,Bachelor’s Degree,48555,77
228778,3658,The University of Texas at Austin,Public,Austin,Texas,78705,30.282825,-97.738273,Health and Physical Education/Fitness,3,Bachelor’s Degree,48279,198
227845,3621,Saint Edward's University,"Private, nonprofit",Austin,Texas,78704-6489,30.229618,-97.754998,International Business,3,Bachelor’s Degree,47718,31
227845,3621,Saint Edward's University,"Private, nonprofit",Austin,Texas,78704-6489,30.229618,-97.754998,"Teacher Education and Professional Development, Specific Subject Areas",3,Bachelor’s Degree,46872,28
228778,3658,The University of Texas at Austin,Public,Austin,Texas,78705,30.282825,-97.738273,"Multi/Interdisciplinary Studies, Other",3,Bachelor’s Degree,46441,206
227845,3621,Saint Edward's University,"Private, nonprofit",Austin,Texas,78704-6489,30.229618,-97.754998,"Radio, Television, and Digital Communication",3,Bachelor’s Degree,46299,19
228778,3658,The University of Texas at Austin,Public,Austin,Texas,78705,30.282825,-97.738273,Public Health,3,Bachelor’s Degree,46098,238
227845,3621,Saint Edward's University,"Private, nonprofit",Austin,Texas,78704-6489,30.229618,-97.754998,Political Science and Government,3,Bachelor’s Degree,45656,33
228778,3658,The University of Texas at Austin,Public,Austin,Texas,78705,30.282825,-97.738273,International/Global Studies,3,Bachelor’s Degree,45563,166
228778,3658,The University of Texas at Austin,Public,Austin,Texas,78705,30.282825,-97.738273,Communication Disorders Sciences and Services,3,Bachelor’s Degree,45066,108
228778,3658,The University of Texas at Austin,Public,Austin,Texas,78705,30.282825,-97.738273,"Romance Languages, Literatures, and Linguistics",3,Bachelor’s Degree,44765,70
224004,3557,Concordia University Texas,"Private, nonprofit",Austin,Texas,78726,30.420232,-97.835703,"Teacher Education and Professional Development, Specific Levels and Methods",3,Bachelor’s Degree,44148,12
228778,3658,The University of Texas at Austin,Public,Austin,Texas,78705,30.282825,-97.738273,Journalism,3,Bachelor’s Degree,44021,144
227845,3621,Saint Edward's University,"Private, nonprofit",Austin,Texas,78704-6489,30.229618,-97.754998,Health and Physical Education/Fitness,3,Bachelor’s Degree,43633,46
228778,3658,The University of Texas at Austin,Public,Austin,Texas,78705,30.282825,-97.738273,Rhetoric and Composition/Writing Studies,3,Bachelor’s Degree,43599,64
228778,3658,The University of Texas at Austin,Public,Austin,Texas,78705,30.282825,-97.738273,"Foods, Nutrition, and Related Services",3,Bachelor’s Degree,43141,151
228778,3658,The University of Texas at Austin,Public,Austin,Texas,78705,30.282825,-97.738273,Sociology,3,Bachelor’s Degree,42770,122
228778,3658,The University of Texas at Austin,Public,Austin,Texas,78705,30.282825,-97.738273,"Biochemistry, Biophysics and Molecular Biology",3,Bachelor’s Degree,42747,304
228778,3658,The University of Texas at Austin,Public,Austin,Texas,78705,30.282825,-97.738273,Social Work,3,Bachelor’s Degree,42694,83
227845,3621,Saint Edward's University,"Private, nonprofit",Austin,Texas,78704-6489,30.229618,-97.754998,Communication and Media Studies,3,Bachelor’s Degree,42019,81
228778,3658,The University of Texas at Austin,Public,Austin,Texas,78705,30.282825,-97.738273,"Ethnic, Cultural Minority, Gender, and Group Studies",3,Bachelor’s Degree,41149,44
228778,3658,The University of Texas at Austin,Public,Austin,Texas,78705,30.282825,-97.738273,"Human Development, Family Studies, and Related Services",3,Bachelor’s Degree,40972,148
227845,3621,Saint Edward's University,"Private, nonprofit",Austin,Texas,78704-6489,30.229618,-97.754998,Criminal Justice and Corrections,3,Bachelor’s Degree,39534,27
228778,3658,The University of Texas at Austin,Public,Austin,Texas,78705,30.282825,-97.738273,"Biology, General",3,Bachelor’s Degree,39172,638
228778,3658,The University of Texas at Austin,Public,Austin,Texas,78705,30.282825,-97.738273,"English Language and Literature, General",3,Bachelor’s Degree,38769,200
228778,3658,The University of Texas at Austin,Public,Austin,Texas,78705,30.282825,-97.738273,"Radio, Television, and Digital Communication",3,Bachelor’s Degree,38462,267
228778,3658,The University of Texas at Austin,Public,Austin,Texas,78705,30.282825,-97.738273,"Psychology, General",3,Bachelor’s Degree,37847,395
228778,3658,The University of Texas at Austin,Public,Austin,Texas,78705,30.282825,-97.738273,"East Asian Languages, Literatures, and Linguistics",3,Bachelor’s Degree,37751,33
228778,3658,The University of Texas at Austin,Public,Austin,Texas,78705,30.282825,-97.738273,Music,3,Bachelor’s Degree,37444,67
228778,3658,The University of Texas at Austin,Public,Austin,Texas,78705,30.282825,-97.738273,History,3,Bachelor’s Degree,36311,147
227845,3621,Saint Edward's University,"Private, nonprofit",Austin,Texas,78704-6489,30.229618,-97.754998,Drama/Theatre Arts and Stagecraft,3,Bachelor’s Degree,35892,24
228778,3658,The University of Texas at Austin,Public,Austin,Texas,78705,30.282825,-97.738273,"Linguistic, Comparative, and Related Language Studies and Services",3,Bachelor’s Degree,35377,42
227845,3621,Saint Edward's University,"Private, nonprofit",Austin,Texas,78704-6489,30.229618,-97.754998,Design and Applied Arts,3,Bachelor’s Degree,35331,38
227845,3621,Saint Edward's University,"Private, nonprofit",Austin,Texas,78704-6489,30.229618,-97.754998,"Psychology, General",3,Bachelor’s Degree,34849,88
227845,3621,Saint Edward's University,"Private, nonprofit",Austin,Texas,78704-6489,30.229618,-97.754998,"Biology, General",3,Bachelor’s Degree,34369,49
228778,3658,The University of Texas at Austin,Public,Austin,Texas,78705,30.282825,-97.738273,Area Studies,3,Bachelor’s Degree,34184,67
228778,3658,The University of Texas at Austin,Public,Austin,Texas,78705,30.282825,-97.738273,Fine and Studio Arts,3,Bachelor’s Degree,33647,96
227845,3621,Saint Edward's University,"Private, nonprofit",Austin,Texas,78704-6489,30.229618,-97.754998,Social Work,3,Bachelor’s Degree,33194,16
228778,3658,The University of Texas at Austin,Public,Austin,Texas,78705,30.282825,-97.738273,"Visual and Performing Arts, General",3,Bachelor’s Degree,31745,68
228778,3658,The University of Texas at Austin,Public,Austin,Texas,78705,30.282825,-97.738273,Anthropology,3,Bachelor’s Degree,30740,79
