"0","full_coordinates <- read_csv(""data-raw/college_coordinates.csv"")"
"2","[1mRows: [22m[34m6676[39m [1mColumns: [22m[34m10[39m"
"2","[36m──[39m [1mColumn specification[22m [36m──────────────────────────────────────[39m
[1mDelimiter:[22m "",""
[31mchr[39m (6): INSTNM, CITY, STATE, STABBR, ZIP, INSTURL
[32mdbl[39m (4): LATITUDE, LONGITUDE, UNITID, OPEID"
"2","
[36mℹ[39m Use `spec()` to retrieve the full column specification for this data.
[36mℹ[39m Specify the column types or set `show_col_types = FALSE` to quiet this message."
"0","full_filed_of_study <- read_parquet(""data-raw/Most-Recent-Cohorts-Field-of-Study.parquet"")"
